"Class","Age","Siblings","Parents","Fare","Sex"
"1",29.471443066516347,0.5253664036076663,0.3833145434047351,32.305420180383315,"male"
"2",29.471443066516347,0.5253664036076663,0.3833145434047351,32.305420180383315,"male"
"3",29.471443066516347,0.5253664036076663,0.3833145434047351,32.305420180383315,"male"
